name,description,field,start_date,stage,business_registered,tax_code,status,website,fanpage,youtube,document_url,avatar_url,mentor_id,lecturer_id
A Núi,Tái chế vỏ tôm để bảo quản trái cây,,,,,,,,,,,,,
Dự án Đồng hồ nước thông minh,Dự án Đồng hồ nước thông minh,,,,,,,,,,,,,
Dự án HCare dịch vụ vệ sinh nón bảo hiểm,Dự án HCare dịch vụ vệ sinh nón bảo hiểm,,,,,,,,,,,,,
Dự án Trạng nguyên Legend,"Phần mềm Game hóa trong việc học, thay đổi hình thức học tập, giúp tăng động lực và khả năng cạnh tranh của người học",,,,,,,,,,,,,
Dự án Nền tảng quản lý và chia sẻ không gian sống;,Dự án Nền tảng quản lý và chia sẻ không gian sống;,,,,,,,,,,,,,
"Dự án JB Production, design multimedia, quảng cáo","Dự án JB Production, design multimedia, quảng cáo",,,,,,,,,,,,,
Gia sư online,Ý tưởng khởi nghiệp mô hình Gia sư Online,,,,,,,,,,,,,
MEC,Ứng Dụng Mạng Xã Hội Về Thời Trang Và Thương Mại Điện Tử Kết Hợp – M.Ec Fashion.,,,,,,,,,,,,,
Uship,,,,,,,,,,,,,,
HappyMind - Ứng dụng di động tích hợp trí tuệ nhân tạo hỗ trợ tham vấn và điều trị sức khỏe tâm lý cộng động.,,,,,,,,,,,,,,
BookLink - Dự án cho thuê sách,,,,,,,,,,,,,,
AutoStudy,,,,,,,,,,,,,,
Làm tranh từ vỏ lon tái chế,,,,,,,,,,,,,,
Ứng dụng công nghệ 3D và trí tuệ nhân tạo vào mua sắm thời trang,,,,,,,,,,,,,,
Số hóa chi phí thấp hệ thống giám sát cửa hàng nhỏ sử dụng NI myRIO bằng Labview ,,,,,,,,,,,,,,
Chuỗi hệ thống rửa xe tự động ,Đây là một dự án được phát triển dựa trên nền tảng công nghệ IoT để thiết kế chuỗi hệ thống rửa xe ô tô tự động,,,,,,,,,,,,,
ATM Giấy ,,,,,,,,,,,,,,
WINE – BẢO NGỌC: Rượu vang cà phê Việt Nam – Tận dụng phần thịt quả cà phê khi chế biến cà phê nhân để lên men thành Rượu vang ,,,,,,,,,,,,,,
Tổng hợp gạch sinh học từ các loại phụ phế phẩm nông nghiệp thay thế vật liệu xây dựng truyền thống.,"Tổng hợp gạch sinh học từ các loại phế
 phụ phẩm nông nghiệp thay thế vật liệu
 xây dựng truyền thống",,,,,,,,,,,,,
Checkee: Giải pháp truy xuất nguồn gốc nông sản Việt ,,,,,,,,,,,,,,
Secret Room Event - Mật mã thế giới phù thủy,,,,,,,,,,,,,,
GIẢI PHÁP THIÊN NHIÊN HOÁ KHÔNG GIAN SỐNG HIỆN ĐẠI ,"Giải pháp thiên nhiên hóa không gian 
sống hiện đại ",,,,,,,,,,,,,
ArtTech - The fusion of Art and Technology,,,,,,,,,,,,,,
PS:HE,,,,,,,,,,,,,,
Focaries,,,,,,,,,,,,,,
OEA - Online Edu Autodidacticism,,,,,,,,,,,,,,
EasyGreen,,,,,,,,,,,,,,
SQUARE-SHARING,,,,,,,,,,,,,,
Kẹo dẻo hữu cơ Gummy Orrganic bổ sung pectin chiết xuất từ vỏ thanh long,"Chiết xuất pectin từ vỏ trái thanh long, nhằm bổ sung các chất dinh dưỡng cần và giúp bảo vệ sức khỏe",,,,,,,,,,,,,
NGHIÊN CỨU QUY TRÌNH SẢN XUẤT TRÀ THẢO DƯỢC,,,,,,,,,,,,,,
Terrarium ENVI,,,,,,,,,,,,,,
ĐỆM TÁI CHẾ TỪ VẬT LIỆU THẢI,Chế tạo nệm ngồi từ nhựa và vỏ gáo dừa,,,,,,,,,,,,,
App đặt - giao đồ ăn trong Trường Đại học Văn Lang,,,,,,,,,,,,,,
"Ứng Dụng Tư Vấn Tâm Lý ""Heart Warm""",,,,,,,,,,,,,,
Meeting to Meeting,"Xây dựng giải pháp cho doanh nghiệp/trường học muốn tổ chức, quản lý các cuộc họp. Các tổ chức này thường có rất nhiều công việc trước và sau cuộc họp. Tạo cuộc họp, nhắc nhở, phân công, giám sát phân công công việc sau cuộc họp",,,,,,,,,,,,,
Vision Future Connection (VFC),"Mục đích:quảng bá hình ảnh trường đại học đến nhiều đối tượng.
Mục đích cụ thể:
Giúp người vào trường có cơ hội trải nghiệm không gian làm việc và học tập ở trường Văn Lang.
Hình ảnh của trường được tiếp cận đến người vào trường 1 cách chuyên nghiệp sẽ tăng tính hiện đại và uy tín cho trường.
Thu hút được người quan tâm đến sự hiện đại của trường",,,,,,,,,,,,,
Internal Employee Training,"Xây dựng website hỗ trợ đào tạo nội bộ, cho nhân viên của một tổ chức, giúp tổ chức training cho nhân viên.",,,,,,,,,,,,,
Smart Room Design,"Xây dựng Website/Mobile App cho phép những người không có tiền thuê kiến trúc sư, có thể sử dụng website/mobile sau đó nhập các thông số của căn nhà mình để tìm ý  tưởng mua đồ nội thất, thiết kế bên trong nhà, kết nối với nhà cung cấp vật liệu xây dựng để so sánh giá cả, tính tổng chi phí xây dựng ngôi nhà",,,,,,,,,,,,,
Ứng Dụng Công Nghệ Nhận Hàng Từ Shipper Hộ Khách Hàng,,,,,,,,,,,,,,
Trọ Ở Đây,,,,,,,,,,,,,,
RubikSphere,,,,,,,,,,,,,,
ZooTek,"Dự án start-up cung cấp dịch vụ mua - bán, sữa chửa và lắp đặt máy tính.",,,,,,,,,,,,,
Mô Hình Ứng Dụng Mạng Xã Hội Dành Riêng Cho Thú Cưng Kết Hợp Với Sổ Sức Khỏe Điện Tử Thú Cưng X Blockchain X Kinh Doanh Dịch Vụ Dành Riêng Cho Thú Cưng      ,,,,,,,,,,,,,,
Tripey,,,,,,,,,,,,,,
Vòng Tuần Hoàn Của Rác Thải,,,,,,,,,,,,,,
REDPet,"Ứng dụng cung cấp thông tin, dịch vụ điện tử về Sách Đỏ, thú nuôi và các thông tin liên quan khác",,,,,,,,,,,,,
Become a mom - Làm mẹ,,,,,,,,,,,,,,
CẢI TẠO VÀ PHÁT TRIỂN NGUỒN NƯỚC NÓNG TU BÔNG,,,,,,,,,,,,,,
SV3AS,,,,,,,,,,,,,,
I'mcoming,,,,,,,,,,,,,,
Q TRAVEL,,,,,,,,,,,,,,
Carlife,,,,,,,,,,,,,,
Nội Thất Tái Chế Kết Hợp Ứng Dụng Trí Tuệ Nhân Tạo - Furecy,,,,,,,,,,,,,,
Language Share,,,,,,,,,,,,,,
Thuê nhà xa - Gần nhà tôi ,,,,,,,,,,,,,,
Petit village ,,,,,,,,,,,,,,
B2G,"Kết nối giữa các mentor có kinh nghiệm trong lĩnh vực thể thao điện tử với người dùng thông qua việc đăng ký khoá học, tạo cơ hội cho người dùng tiếp cận eSports một cách hiệu quả",,,,,,,,,,,,,
THE HEIRS,Dự Án Sử Dụng Công Nghệ Thực Tế Ảo Metaverse Để Quảng Bá Cho Lĩnh Vực Dịch Vụ Ngành F&B Tại Việt Nam ,,,,,,,,,,,,,
ECAP,"Bộ sản phẩm với 3 chốt kết nối các chai nhựa theo hình thức module thành nhiều hình thái và kích thước khác nhau, từ đó có thể ứng dụng vào nhiều lĩnh vực như xây dựng, cứu hộ cứu nạn lũ lụt, tạo hình công trình xanh",,,,,,,,,,,,,
VANLANGGO,"Ứng Dụng Quản Lý Giao Hàng Của Các Quán Ăn, Cửa Hàng Xung Quanh Trường Văn Lang ",,,,,,,,,,,,,
VIVU 11 HOME,Your Second Family,,,,,,,,,,,,,
CHÍN,"Nền tảng kết nối đôi bạn bè cùng tiến ""Hello buddy""/App Hello Buddy",,,,,,,,,,,,,
TEA SPILLERS,Trà lá vối dạng túi lọc,,,,,,,,,,,,,
LINOR,"Cho phép người thuê bất động sản được ký hợp đồng và đặt cọc online 100%, tìm kiếm được “bạn cùng phòng”, các dịch vụ thiết yếu từ LinorService khác dành cho người thuê lẫn bên cho thuê như: Chuyển trọ, giặt ủi, vệ sinh, sửa chữa…",,,,,,,,,,,,,
A&T,Phát triển dự án chẩn đoán hư hỏng xe ô tô thông minh trên phần mềm Android và IOS,,,,,,,,,,,,,
APSARA,Làng Du Lịch Văn Hoá Khmer Nam bộ,,,,,,,,,,,,,
GẤM,Gấm xanh - Doanh nghiệp chuyên sản xuất và cung cấp vải tái chế,,,,,,,,,,,,,
DogSurvival,UNI GO,,,,,,,,,,,,,
SpS,Sport Social,,,,,,,,,,,,,
FINTEAM,DREAM’S HOUSE ,,,,,,,,,,,,,
Double Z,Bánh canh xứ Nẫu,,,,,,,,,,,,,
SỦI,GÓI SẢN PHẨM GIÁO DỤC TỪ CHẤT LIỆU DÂN GIAN FOSE,,,,,,,,,,,,,
H.E.C Team,H.E.C,,,,,,,,,,,,,
FTTF,BEE CAM,,,,,,,,,,,,,
PEB,PEB - Protect EnviroNment Brand,,,,,,,,,,,,,
HIV LÀ BẠN,Tăng cường sự chung tay giúp đỡ của Tổ chức xã hội cộng đồng trong phòng chống HIV/AIDS,,,,,,,,,,,,,
Những chú cún đáng yêu,Dự án dịch vụ giữ và chăm sóc thú cưng,,,,,,,,,,,,,
Nhóm K25 ĐB-LH1,SOS Travel,,,,,,,,,,,,,
52 HZ,"Dự án khởi nghiệp hướng về cộng đồng - ""Chance""",,,,,,,,,,,,,
Modecor,Modercor - Ứng dụng mua sắm nội thất AR thông minh,,,,,,,,,,,,,
5MExpress,Dự án lưu trữ và vận chuyển hàng hóa,,,,,,,,,,,,,
"LAT - ""Let's take a trip""",Du - foodtruck di động,,,,,,,,,,,,,
HEALEY - Ăn khỏe để sống khỏe,Ứng dụng thông minh dành cho người ăn chay - ANKHOE,,,,,,,,,,,,,
NEXT DOOR,YOUR FRIENDS FROM NEIGHORHOOD,,,,,,,,,,,,,
404,Dự án phát triển mô hình tiếng Anh giao tiếp,,,,,,,,,,,,,
GNOS,Healthy food restaurant,,,,,,,,,,,,,
Mộc,Dự án tái chế đũa sử dụng một lần -  Mộc Eco  ,,,,,,,,,,,,,
Builder Bees,Builder Tree: Quản lý quá trình chăm sóc cây.,,,,,,,,,,,,,
MÍT,Mạng xã hội tâm lý Storytelling,,,,,,,,,,,,,
Ra Khơi Để Tập Bơi ,Văn Lang Vision Studio ,,,,,,,,,,,,,
Sống xanh,Nghiên cứu sản xuất bộ sản phẩm phân bón hữu cơ và thuốc bảo vệ thực vật thảo mộc phục vụ nông nghiệp đô thị,,,,,,,,,,,,,
Tranh sinh học,Nghiên cứu tạo tranh sinh học giúp làm đẹp ngôi nhà và làm sạch môi trường sinh thái,,,,,,,,,,,,,
Xì trum ngáo ngơ,"Xây dựng ứng dụng Sổ tay sức khỏe giúp cho người dùng có thể tuân theo một lịch trình có sẵn cho việc ăn uống, dưỡng bệnh và điều trị (trước và sau Covid) – E-Healthcare",,,,,,,,,,,,,
Baby Shark,Ứng dụng BlockChain vào việc xây dựng căn cước điện tử,,,,,,,,,,,,,
HOMME,Ico Green.,,,,,,,,,,,,,
Sao-Mà-Đỡ-Được,Xây dựng Website quản lý hồ sơ điện tử bệnh nhân – EMR (Electronic Medical Record),,,,,,,,,,,,,
FantasticFour,Xây dựng ứng dụng để cộng đồng Văn Lang chung tay bảo vệ tài sản  - Van Lang House (Mobile App),,,,,,,,,,,,,
NFO,"NFO là ứng dụng Sàn TMĐT giao dịch thời trang cũ cho phép người dùng trao đổi, mua bán và đấu giá các sản phẩm thời trang cũ một cách tiện lợi.",,,,,,,,,,,,,
Clube Project ,Ứng dụng kết nối người thuê và cho thuê dịch vụ quần áo.,,,,,,,,,,,,,
3NT1,Ý tưởng của chúng tôi ra đời là một ý tưởng kinh doanh về sản phẩm đồ gia dụng được làm từ bã cà phê khi qua sử dụng,,,,,,,,,,,,,
Submarine,Mô hình kinh doanh rau sạch trên nền tảng website và áp dụng việc quản lý chất lượng rau bằng cách sử dụng camera giám sát quy trình.  ,,,,,,,,,,,,,
Fortis Fortuna ,-,,,,,,,,,,,,,
FiStar,-,,,,,,,,,,,,,
NFO,"NFO là ứng dụng Sàn TMĐT giao dịch thời trang cũ cho phép người dùng trao đổi, mua bán và đấu giá các sản phẩm thời trang cũ một cách tiện lợi.",,,,,,,,,,,,,
WEEZING,"Weezing là ứng dụng điện thoại (Mobile App) trên hai nền tảng IOS và Android. 
Weezing mang đến cho mọi người khả năng xây dựng cộng đồng, liên hệ chủ
phương tiện dễ dàng và thuận tiện thông qua (biển số, số máy phương tiện và ID 
người dùng) từ đó có thể biết tình trạng hiện tại của phương tiện mà mình gặp 
phải.",,,,,,,,,,,,,
3NT1,Ý tưởng của chúng tôi ra đời là một ý tưởng kinh doanh về sản phẩm đồ gia dụng được làm từ bã cà phê khi qua sử dụng,,,,,,,,,,,,,
Submarine,Mô hình kinh doanh rau sạch trên nền tảng website và áp dụng việc quản lý chất lượng rau bằng cách sử dụng camera giám sát quy trình.  ,,,,,,,,,,,,,
Trạng Nguyên Legend,Ý tưởng khởi nghiệp của nhóm là xây dựng công cụ trò chơi hoá cho các khóa học ở đại học để phù hợp với xu hướng học tập online và nhằm truyền cảm hứng cho việc học và thúc đẩy người học tích cực tham gia. ,,,,,,,,,,,,,
Meeting to Meeting,"Ý tưởng: Xây dựng ứng dụng “Meeting to Meeting” (MTM) - cung cấp giải pháp cho các doanh nghiệp/trường học có nhu cầu tổ chức, quản lý nội dung, tra cứu và theo dõi tiến độ thực hiện công việc trong các cuộc họp theo quy mô nhóm nhỏ/lớn. 
",,,,,,,,,,,,,
GRONDE,"Công ty GRONDE ra đời nhằm phát triển mạnh mẽ các sản phẩm từ thiên nhiên. Từ các mặt hàng thường dùng, chăm sóc da, sức khỏe, quần áo đều có thể được sản xuất tại GRONDE. ",,,,,,,,,,,,,
USHIP,"Thông qua các ứng dụng mạng xã hội để giao hàng và ăn uống tới tận tay cho sinh viên, giảng viên, cán bộ trong trường: 
",,,,,,,,,,,,,
Smart Home Design,Xây dựng ứng dụng điện thoại “Smart Home Design” - cung cấp giải pháp cho các cá nhân/doanh nghiệp/trường học có nhu cầu mua nội thất cho những căn hộ/tòa nhà vừa được xây dựng xong. ,,,,,,,,,,,,,
MyPet,"Tạo một ứng dụng/website về thú cưng trong đó tạo ra dịch vụ tìm kím thú cưng bằng các công nghệ AI, hoặc các thiết bị hỗ trợ.Từ đó tích hợp sàn thương mại điện tử lĩnh vực thú cưng để bán lẻ các sản phẩm về thú cưng và liên kết với các phòng khám thú y trên toàn quốc để hỗ trợ cho người dùng app/website.",,,,,,,,,,,,,
Sống Xanh,Bộ sản phẩm chăm sóc cây hữu cơ,,,,,,,,,,,,,
The Flour Station,"Tái chế bã bia thành thực phẩm chức 
năng - bột mì",,,,,,,,,,,,,
Minicar racing 2023,"Xe sử dụng động cơ đốt trong 2 kỳ được điều kiển bằng điện thoại Smartphone thông qua mang Wifi. Các đội tham gia thi sẽ thi đấu các vòng: Vòng Loại, tứ kết, bán kết, chung kết",,,,,,,,,,,,,
Minicar racing 2023,"Xe sử dụng động cơ đốt trong 2 kỳ được điều kiển bằng điện thoại Smartphone thông qua mang Wifi. Các đội tham gia thi sẽ thi đấu các vòng: Vòng Loại, tứ kết, bán kết, chung kết",,,,,,,,,,,,,
Minicar racing 2023,"Xe sử dụng động cơ đốt trong 2 kỳ được điều kiển bằng điện thoại Smartphone thông qua mang Wifi. Các đội tham gia thi sẽ thi đấu các vòng: Vòng Loại, tứ kết, bán kết, chung kết",,,,,,,,,,,,,
"cảm ứng ngăn ngừa tại nạn giao thông liên hoàn
","Thiết kế mô hình xe tự hành kết hợp với hệ thống cảm biến để tự động phát hiện, chuẩn đoán và ngăn ngừa tai nạn giao thông
",,,,,,,,,,,,,
Sequential light Alarming of  Fire Evacuation System(SAFES),"Hỏa hoạn xảy ra tại một điểm cụ thể bên trong tòa nhà, hệ thống điều khiển trung tâm phát hiện hỏa hoạn tại điểm tương ứng chuyển vị trí phát hiện hỏa hoạn, xác định hướng mũi tên của từng điểm trong hệ thống điều khiển trung tâm, phát tín hiệu từ nơi phát sinh hỏa hoạn, khi có tín hiệu, đèn LED sẽ bật, tắt, Đèn LED của mỗi điểm là bật, tắt, mọi người ở mỗi vị trí. Dẫn đến lối thoát nhanh nhất.",,,,,,,,,,,,,
"Máy sấy khô áo mưa, dù","Dùng để sấy khô áo mưa hoặc ô dù khi vào cty, trường học, trung tâm thương mại. Không cần phải phơi ngoài xe hay cất vào xe khi vẫn còn ướt",,,,,,,,,,,,,
Miếng thảm lót tích trữ năng lượng,"Năng lượng được tạo từ miếng lót đế giày sau khi hoạt động, miếng thảm sẽ tạo ra nguồn điện dữ trữ mà ta tạo ra bằng cách đi lại",,,,,,,,,,,,,
"Manage, monitor and control the car parking system based on IoT technology","Quản lý, giám sát và điều khiển hệ thống bãi đỗ xe trên nền tảng công nghệ IoT",,,,,,,,,,,,,
Áp dụng công nghệ 3D và trí tuệ nhân tạo vào mua sắm thời trang.,"- Điểm sáng giá nhất của ý tưởng đó là giúp người mua sắm online có thể tự tin hơn trong việc đưa ra quyết định mua hàng của mình . Giúp người tiêu dùng có thể bớt đi nỗi lo khi mua hàng không hợp kích cỡ ,hay không phù hợp với vóc dáng của họ . 
  - Cách thức làm ra sản phẩm : Sử dụng các kiến thức về lập trình cũng như đồ họa để tạo ra một trang web hoàn chỉnh nhất .
 - Công nghệ được sử dụng : Chúng tôi đã sử dụng công nghệ 3D vào trang web của mình để giúp người tiêu dùng có thể hình dung một cách trực quan nhất về sản phẩm , đồng thời kết hợp công nghệ trí tuệ nhân tạo AI để giúp đưa ra những phân tích về sản phẩm khi được thử lên người bạn từ đó đứa ra lời khuyên phù hợp nhất cho bạn.
",,,,,,,,,,,,,
QRCare,Quản lý và tối ưu hóa việc giao cơm từ thiện đến tận nhà các cụ già neo đơn ,,,,,,,,,,,,,
Ecoplas,Giải pháp bảo vệ môi trường từ việc tái chế lá chuối ,,,,,,,,,,,,,
Silver Meets Gold,App giao thức ăn dành riêng cho các tổ chức từ thiện ,,,,,,,,,,,,,
EL Power,"Một sự quan tâm đối với cộng đồng, đặc biệt là việc hỗ trợ tìm kiếm công việc cho người cao tuổi tại các quốc gia khu vực ASEAN, nâng cao chất lượng cuộc sống của mọi người là điều mà team hướng đến",,,,,,,,,,,,,
Urbox,Dự án lắp đặt hộp nhận đồ ăn từ thiện tại nhà các cụ già neo đơn nhằm bảo quản đồ ăn ,,,,,,,,,,,,,
Foodsaver,Dự án cung cấp nguyên liệu giá rẻ dành cho các tổ chức nấu ăn từ thiện ,,,,,,,,,,,,,
Medi-app,Phần mềm cấp cứu hoặc đặt lịch khám thông qua nền tảng mạng xã hội bằng giọng nói ,,,,,,,,,,,,,
Grand's Buddy,Phần mềm hỗ trợ dịch thuật và hướng dẫn bằng giọng nói cho người lớn tuổi sử dụng các thiết bị công nghệ trong đời sống hàng ngày để giao tiếp. ,,,,,,,,,,,,,
Ian exchanging letters app,Mạng xã hội để kết nối các lứa tuổi và xóa bỏ khoảng cách thế hệ cho những người sống cùng cộng đồng ,,,,,,,,,,,,,
GO apps,App đề cử và gợi ý các địa điểm và hoạt động thể chất và người lớn tuổi có thể tham gia tại khu vực sinh sống,,,,,,,,,,,,,
MediTimer,"App nhắc nhở uống thuốc và giờ hoạt động thể chất dành cho người lớn tuổi neo đơn, dưới sự hỗ trợ của người thân/con cái đang ở xa ",,,,,,,,,,,,,
Entrepreneur Worldwide,App kết nối các  nhà khởi nghiệp có các dự án vì sự phát triển bền vững của xã hội và môi trường. Từ đó phát triển hoạt động gọi vốn trên nên tảng ,,,,,,,,,,,,,
QA Community,Dự án xây dựng cộng đồng chia sẻ kiến thức kinh tế khởi nghiệp dành cho các bạn trẻ dựa trên biến động trên thế giới ,,,,,,,,,,,,,
Readee,Dự án rạp chiếu sách dành cho trẻ em,,,,,,,,,,,,,
WrapIt,Dự án cung cấp dụng cụ đựng thức ăn thân thiện với môi trường cho các quán ăn và phát triển ứng dụng giao hàng dành riêng cho người lớn tuổi và khuyết tật ,,,,,,,,,,,,,
Handheld,"Thiết bị cầm tay dành riêng cho người lớn tuổi nhằm đáp ứng các nhu cầu cơ bản của người lớn tuổi. Các ứng dụng bao gồm app đặt thức ăn, app trò chuyện trực tuyến ",,,,,,,,,,,,,
Takecarers,App định vị và hỗ trợ người lớn tuổi để tránh trường hợp đi lạc ,,,,,,,,,,,,,
WeCare,Dự án cộng đồng giúp hỗ trợ người cao tuổi sử dụng và tìm niềm vui từ các thiết bị điện tử thông qua các lớp học ngắn hạn ,,,,,,,,,,,,,
Green Savers,Dự án phối hợp các địa phương tạo cuộc thi vì môi trường thông qua việc thu nhặt rác thải nhựa ở môi trường sống ,,,,,,,,,,,,,
Supa - Older,Hệ thống hỗ trợ theo dõi nhu cầu của người lớn tuổi nhằm kịp thời cung cấp các chỉ dẫn đầy đủ để sử dụng các app thông dụng trong cuộc sống ,,,,,,,,,,,,,
E - lockers,Dự án lắp đặt tủ nhận thức ăn thông minh ở các hộ dân nhằm đảm bảo chát lượng và hình thức món ăn để giảm tình trạng sử dụng bao bì quá mức. Đưa rác thải bao bì về đồng dạng - Giấy gói nhôm ,,,,,,,,,,,,,
Job HUB,App cung cấp dịch vụ giới thiệu việc làm dựa trên những biến động mới nhất của thị trường lao động ,,,,,,,,,,,,,
Old - School Center,Dự án trường học do người cao tuổi đứng lớp để chia sẻ kinh nghiệm và lời khuyên cho các thế hệ sau từ kinh nghiệm và trải nghiệm của chính bản thân họ đúc kết ,,,,,,,,,,,,,
Smart way to be healthy,Đồng hồ thông minh giúp nhắc người dùng thực hiện các hoạt động thể chất phù hợp và sinh hoạt theo chế độ đã được thiết kế sẵn để đạt được kết quả sức khỏe tốt nhất ,,,,,,,,,,,,,
Cutdawatse,Dự án thu thập thức ăn thừa và chế biến thành phân bón hữu cơ ,,,,,,,,,,,,,
Papa Chatbot,Chatbot giúp gợi ý và hướng dẫn cụ thể cho người lớn tuổi các hoạt động cập nhật kiến thức công nghệ ,,,,,,,,,,,,,
Woat 2 Cuk,App quản lý thực phẩm lưu trữ trong tủ lạnh ,,,,,,,,,,,,,
Twopeat,Ứng dụng tầm soát bệnh tật và ra cảnh báo sức khỏe cho bệnh nhân tim mạch ,,,,,,,,,,,,,
Openmind,Dự án sức khỏe tâm lý dành cho người đi làm thông qua app trên điện thoại di dộng ,,,,,,,,,,,,,
TroiAi,Ứng dụng cá nhân hóa lộ trình học tập. Giúp việc học dễ dàng ở mọi thời điểm và nơi chốn ,,,,,,,,,,,,,
Soul & Mates,Ứng dụng dành cho người tự kỉ để hỗ trợ hòa nhập cộng đồng và trò chuyện đa hình thức với bác sĩ tâm lý ,,,,,,,,,,,,,
Raffit,"Mạng xã hội học tập, nơi hỗ trợ nhà trường lưu trữ thành tích học sinh, người học có nơi để trình bày kết quả học tập. Từ đó mang lại lợi ích thiết thực cho công cuộc lựa chọn môi trường học các cấp thật phù hợp => Mang lại tác động tích cực trong việc tuyển dụng người tài từ ghế nhà trường ",,,,,,,,,,,,,
Self-Healing Web,"Website dành cho những bệnh nhân tâm lý hoặc có xu hướng bị bệnh tâm lý, cung cấp các thông tin và nội dung chữa lành. Đồng thời ghi nhận các thông tin để bs dễ dàng đưa ra lời khuyên dựa trên thói quen sử dụng của người dùng trên trang web ",,,,,,,,,,,,,
My Sporty Mates,"App dành cho người trẻ đến trung niên nhằm kết bạn, giao lưu về cuộc sống tích cực, chia sẻ các hoạt động thể chất, tinh thần giúp giải tỏa áp lực sức khỏe và tâm lý ",,,,,,,,,,,,,
Fabric Life,Tái chế quần áo không sử dụng thành các sản phẩm khăn và thảm khách sạn ,,,,,,,,,,,,,
MindHealth,"Phần mềm Tâm lý giúp tầm soát và ứng phó với các vấn đề tâm lý của người dùng, từ đó đưa ra các hướng dẫn phù hợp ",,,,,,,,,,,,,
Textcycle,Tái chế quần áo cũ thành chất liệu cách nhiệt trong xây dựng bền vững ,,,,,,,,,,,,,
PetsCare,"App cung cấp địa chỉ các phòng khám, dịch vụ chất lượng cao dành cho những người nuôi thú cưng.",,,,,,,,,,,,,
Horison,Dự án lọc nước và làm sạch không khí bị ô nhiễm trong khu vực ,,,,,,,,,,,,,
Roppey,Dự án cung cấp sản phẩm túi xách ly nước uống cho các hệ thống take-a-way trong khu vực ,,,,,,,,,,,,,
IMPACT EC,Watch - Đồng hồ thông minh giúp theo dõi các chỉ số sức khẻo của người dùng. Tích hợp nhắc nhở các hoạt động và hướng dẫn cách sơ cấp cứu cho bản thân người dùng trong tình huống nguy cấp. Tự động liên hệ cứu hộ cứu nạn thông qua biến chuyển của các chỉ số sinh học của người dùng ,,,,,,,,,,,,,
The Precious me ,"App bảo vệ người trẻ, học sinh, sinh viên khỏi các tình huống nguy hiểm. Hạn chế các trường hợp mất tích và tai nạn thông qua việc cảnh báo tuyến đường và cung cấp định vị người dùng  ",,,,,,,,,,,,,
Wild Heart,"Dự án ""về nguồn"" dành cho những cá nhan muốn đắm mình vào thiên nhiên thông qua hoạt động kết nối cộng đồng, chia sẻ địa điểm và hoạt động thể chất đi đôi với việc tiếp cận với thiên nhiên trong quá trình thực hiện ",,,,,,,,,,,,,
FoodIN,"Dự án app đặt thức ăn đi đôi với các yêu cầu thân thiện với môi trường, nhằm thiết lập thói quen sống xanh ở nội bộ người dân trong khu vực ",,,,,,,,,,,,,
NeWe,"App đặt thức ăn dành cho khách hàng mong muốn thay đổi thực đơn. Hướng đến lối sống lành mạnh, cân bằng ẩm thực và nâng cao sức khẻo cộng đồng ",,,,,,,,,,,,,
Beautiful Nature Home,"Thiết kế không gian xanh cho ngôi nhà, không gian trồng hoa, rau, trang trí nội ngoại thất",,,,,,,,,,,,,
"Phát triển sản phẩm Trà Thảo mộc, hỗ trợ sức khỏe từ lá sake",,,,,,,,,,,,,,
Nghiên cứu sản xuất dấm tre và bột lá Neem để ứng dụng bảo quản trái xoài sau thu hoạch,,,,,,,,,,,,,,
Cao chiết dược liệu hỗ trợ điều trị hậu Covid - 19,,,,,,,,,,,,,,
Phát triển sản phẩm bánh dinh dưỡng từ trái Thanh Long,,,,,,,,,,,,,,
Nghiên cứu sản xuất giấy gói thực phẩm từ phế phụ phẩm nông nghiệp sau thu hoạch,,,,,,,,,,,,,,
"Chiết xuất và tinh ché dầu tía tô, dầu diếp cá, sữa hạt bí đao, hoa đào và bã giấm ứng dụn sản xuất kem dưỡng da tự nhiên",,,,,,,,,,,,,,
Trà lá vối dạng túi lọc,,,,,,,,,,,,,,
Nghiên cứu sản xuất túi xách và phân hữu cơ sinh học từ thân cây chuối sau thu hoạch,,,,,,,,,,,,,,
Vườn đứng (Vertical Garden),,,,,,,,,,,,,,
TRUYỀN THÔNG TRONG METAVERSE,Xây dựng giải pháp truyền thông thông qua sản phẩm nghệ thuật trên nền tảng Metaverse và Web3 dành cho các doanh nghiệp.,,,,,,,,,,,,,
HappyMind - Ứng dụng di động tích hợp trí tuệ nhân tạo hỗ trợ tham vấn và điều trị sức khỏe tâm lý cộng động.,,,,,,,,,,,,,,
VLElearning,"Xây dựng Website các khóa học Online được thu phí để mang nguồn thu về cho Nhà trường và giảng viên, đáp ứng loại hình học tập phù hợp trong giai đoạn dịch bệnh",,,,,,,,,,,,,
KPI Evaluation,Xây dựng Website đánh giá KPI của CBGVNV ở các Đơn vị,,,,,,,,,,,,,
VLU Check App,Xây dựng ứng dụng điểm danh sinh viên Văn Lang,,,,,,,,,,,,,
Van Lang Go,"VangLangGO  (Web App)
Xây dựng Ứng Dụng Quản Lý và Giao hàng của Các Quán Ăn Cửa Hàng Xung Quanh Trường Văn Lang",,,,,,,,,,,,,
VLEdu,Xây dựng ứng dụng điện thoại Số tay điện tử Văn Lang cho phụ huynh và sinh viên trường Văn Lang theo dõi và giám sát quá trình học tập và thông báo khẩn cấp nếu có,,,,,,,,,,,,,
VL's Social ,Xây dựng ứng dụng điện thoại quản lý mục tiêu cá nhân và mạng xã hội dành cho sinh viên Văn Lang ,,,,,,,,,,,,,
My e-Wallet,Xây dựng ứng dụng Ví điện tử dành cho sinh viên Văn Lang dùng để chi tiêu dịch vụ trong trường và lưu trữ các thẻ member/card visit.,,,,,,,,,,,,,
VL Canteen ,"Xây dựng phần mềm cho canteen của Văn Lang để cho sinh viên, giáo viên và nhân viên của Văn Lang có thể đặt món trên đó",,,,,,,,,,,,,
VanLang Vision Studio,Xây dựng Website cho phép sinh viên/phụ huynh/người tham quan có thể tham quan trường học bằng mô hình đi vào các phòng 360 độ,,,,,,,,,,,,,
Blockchain Application Identify Digital,Ứng dụng Blockchain vào việc xây dựng thẻ căn cước điện tử trong việc định danh,,,,,,,,,,,,,
E-Profile,Xây dựng Website quản lý hồ sơ điện tử bệnh nhân,,,,,,,,,,,,,
TREE BUILDER,Xây dựng ứng dụng quản lý quy trình chăm sóc cây xanh,,,,,,,,,,,,,
Van Lang House ,Xây dựng ứng dụng Quản lý tòa nhà Văn Lang để cộng đồng Văn Lang chung tay bảo vệ tài sản của chính chúng ta,,,,,,,,,,,,,
Gậy định hướng cho người khiếm thị,Nghiên cứu ứng dụng IoT tạo ra sản phẩm gậy định hướng biết nói cho người khiếm thị,,,,,,,,,,,,,
Autism Children,Xây dựng Website với nền tảng AI/ChatBot dành cho trẻ tự kỷ,,,,,,,,,,,,,
Delivery Robot,Nghiên cứu phát triển sản phẩm robot vận chuyển hàng hoá,,,,,,,,,,,,,
Get Fittie,"Nền tảng kết nối đôi bạn cùng tiến, cam kết thực hiện mục tiêu liên quan đến tập luyện và rèn luyện sức khoẻ.",,,,,,,,,,,,,
IzClaim,Dự án thiết lập nền tảng quản lý yêu cầu bồi thường bảo hiểm trên nền tảng Ethereum Blockchain,,,,,,,,,,,,,
Yuumi - Trợ lý ảo chăm sóc sức khỏe,"https://drive.google.com/open?id=1Q7DYOCWUneMeFlM8l6Z2ch9HZ9hbeTX5, https://drive.google.com/open?id=1DLm_RZitMphpaV3hSvnnJ_mDC7_Sjaam, https://drive.google.com/open?id=1ekcqIYGAKaPKKbyubUH1i1TWl3fjaKOJ",,,,,,,,,,,,,
Mặn,https://drive.google.com/open?id=1GvjJpQi-SQobGaGKHmjBDiI0T0gU-yj0,,,,,,,,,,,,,
MẠNG XÃ HỘI THỜI TRANG - M.EC,"https://drive.google.com/open?id=1tUe_Vij9V_S15W3YwjTKgvADAvi5WCSy, https://drive.google.com/open?id=1YTDt4rFnfl0m2ard7jkPdN5Eh435qW5f",,,,,,,,,,,,,
Reyond,https://drive.google.com/open?id=1umpYUx6uuTw1hoJrsyx9Sx71cqlFrqA8,,,,,,,,,,,,,
Chúng mình có nhau,https://drive.google.com/open?id=185GYDK-mOLBcT_sLUGR6JYTh_xL-R8gS,,,,,,,,,,,,,
Starlento,https://drive.google.com/open?id=1WwdKQQkmxzCJwM1eH_6pUMNhpwW-Q8S9,,,,,,,,,,,,,
Mindvivo - Trí tuệ nhân tạo tham vấn tâm lý,https://drive.google.com/open?id=1CuwT2pJo16AX_QWGFx23hc-jhiTekqdO,,,,,,,,,,,,,
S&S,https://drive.google.com/open?id=1cu010-Ndw6HFeFI-MabPVEarbzsuXDGs,,,,,,,,,,,,,
Cái thùng cà phê,https://drive.google.com/open?id=1rA4fM7NU6NsuVuGxQZ_MAJwERHg-p0eW,,,,,,,,,,,,,
UniFund,https://vanlangunivn-my.sharepoint.com/:w:/r/personal/quan_dh_vlu_edu_vn/_layouts/15/Doc.aspx?sourcedoc=%7BB45DDB9E-A981-41CA-9A97-322F2DC6F914%7D&file=RA%20KH%C6%A0I%202024%20-%20T%C3%93M%20T%E1%BA%AET%20D%E1%BB%B0%20%C3%81N%20UNIFUND.docx&action=default&mobileredirect=true&wdsle=0,,,,,,,,,,,,,
"Tote ""Con cò bay lả bay la""",Nguyễn Đình Khang - 2273201080652.pdf - Google Drive,,,,,,,,,,,,,
Feeco - sàn TMDT kết nối các doanh nghiệp/ Hợp tác xã có sản phẩm OCOP đến tay người tiêu dùng trên toàn quốc.,https://drive.google.com/open?id=1UKDmIB6YA_DJfsAoYm1WDk2MJcHLdOEN ,,,,,,,,,,,,,
Ứng dụng giáo dục ECoS,https://drive.google.com/open?id=1mZs5qfAHSUcX28Ruii46twY_DVTAxBvQ,,,,,,,,,,,,,
MOMBY CARE- DỊCH VỤ CHĂM SÓC SỨC MẸ VÀ BÉ SAU SINH,https://drive.google.com/open?id=1CbGPRl8VDu-u39ZcEJHXry9geVFQnMQF,,,,,,,,,,,,,
ỨNG DỤNG HỖ TRỢ - TƯ VẤN TÂM SINH LÝ,https://drive.google.com/open?id=1zq66cA3y3aJSQV37kuB5iX6JEFeHnfnR,,,,,,,,,,,,,
DỰ ÁN CÔNG TY GIẢI PHÁP TRUYỀN THÔNG ASTERI AGENCY,https://drive.google.com/open?id=1dMsefi-XGM43H3FpWLZKU40NzsGAFnNn,,,,,,,,,,,,,
INCOGNITO - Tìm hiểu và kết nối bản thân thông qua các bản dạng giới,https://drive.google.com/open?id=1NS80Y3CKQcclgPyfwfVFtTeBhNDXBEUI,,,,,,,,,,,,,
Syl's AirBNB,https://drive.google.com/open?id=19Mf2_gt-c7Z4_yLcvRCajBgNRkGKLrtPkbZ_ZW3ElB4,,,,,,,,,,,,,
KINH DOANH – QUẢNG BÁ VÀ PHÁT TRIỂN NGUỒN THUỶ SẢN CỦA HUYỆN BÌNH ĐẠI,https://drive.google.com/open?id=1RclTDteHbhBlpE60OucvJLcjL71CTBBQ,,,,,,,,,,,,,
Roje_art,https://drive.google.com/open?id=1UFro6XJ8IS9UPQD-8omYDA97_Npn7sB9,,,,,,,,,,,,,
Củ mì hương quê,https://drive.google.com/open?id=1goFwCKyIEzV6JBVs8Fz_11Gr-hi26twi,,,,,,,,,,,,,
GNED viên sủi trái cây,https://drive.google.com/open?id=1Iplco6eOYelDrbwKfaLP9OYqWBjZVYrq,,,,,,,,,,,,,
"HOME ""touch less, satisfied more""",https://drive.google.com/open?id=1xN51eHLcozOnBS7ZuOBkZSfjAx1Bxf1l,,,,,,,,,,,,,
K.SouSip Kombucha,https://vanlangunivn-my.sharepoint.com/personal/quan_dh_vlu_edu_vn/_layouts/15/onedrive.aspx?id=%2Fpersonal%2Fquan%5Fdh%5Fvlu%5Fedu%5Fvn%2FDocuments%2FRa%20Kh%C6%A1i%2024%2FRa%20Kh%C6%A1i%2024%2FTR%E1%BB%8CNG%20%2D%20H%E1%BB%92%20S%C6%A0%20D%E1%BB%B0%20THI%20RA%20KH%C6%A0I%202024%2F01%2E%20K%2ESouSip%2F%5BTH%C3%94NG%20TIN%20D%E1%BB%B0%20%C3%81N%5D%20%2D%20K%2ESouSip%2Epdf&parent=%2Fpersonal%2Fquan%5Fdh%5Fvlu%5Fedu%5Fvn%2FDocuments%2FRa%20Kh%C6%A1i%2024%2FRa%20Kh%C6%A1i%2024%2FTR%E1%BB%8CNG%20%2D%20H%E1%BB%92%20S%C6%A0%20D%E1%BB%B0%20THI%20RA%20KH%C6%A0I%202024%2F01%2E%20K%2ESouSip&parentview=0,,,,,,,,,,,,,
Sàn thương mại điện tử về khóa học,https://vanlangunivn-my.sharepoint.com/:w:/r/personal/quan_dh_vlu_edu_vn/_layouts/15/Doc.aspx?sourcedoc=%7B0076E53A-375D-48D2-9658-1653FF5C94DC%7D&file=%5BTTDA%5D_Q-DUCK.docx&action=default&mobileredirect=true&wdsle=0,,,,,,,,,,,,,
VISIA,https://vanlangunivn-my.sharepoint.com/personal/quan_dh_vlu_edu_vn/_layouts/15/onedrive.aspx?id=%2Fpersonal%2Fquan%5Fdh%5Fvlu%5Fedu%5Fvn%2FDocuments%2FRa%20Kh%C6%A1i%2024%2FRa%20Kh%C6%A1i%2024%2FTR%E1%BB%8CNG%20%2D%20H%E1%BB%92%20S%C6%A0%20D%E1%BB%B0%20THI%20RA%20KH%C6%A0I%202024%2F03%2E%20Visia%2FT%C3%B3m%20t%E1%BA%AFt%20b%C3%A1o%20c%C3%A1o%20VISIA%2D%C4%91%C6%B0%E1%BB%A3c%20%C4%91%C3%A1nh%20s%E1%BB%91%2D%C4%91%C3%A3%20n%C3%A9n%2Epdf&parent=%2Fpersonal%2Fquan%5Fdh%5Fvlu%5Fedu%5Fvn%2FDocuments%2FRa%20Kh%C6%A1i%2024%2FRa%20Kh%C6%A1i%2024%2FTR%E1%BB%8CNG%20%2D%20H%E1%BB%92%20S%C6%A0%20D%E1%BB%B0%20THI%20RA%20KH%C6%A0I%202024%2F03%2E%20Visia&parentview=0,,,,,,,,,,,,,
 Special Stars ,https://vanlangunivn-my.sharepoint.com/personal/quan_dh_vlu_edu_vn/_layouts/15/onedrive.aspx?id=%2Fpersonal%2Fquan%5Fdh%5Fvlu%5Fedu%5Fvn%2FDocuments%2FRa%20Kh%C6%A1i%2024%2FRa%20Kh%C6%A1i%2024%2FTR%E1%BB%8CNG%20%2D%20H%E1%BB%92%20S%C6%A0%20D%E1%BB%B0%20THI%20RA%20KH%C6%A0I%202024%2F05%2E%20Ng%C3%B4i%20Sao%20Xanh%2F%5BTTDA%5D%5F%20Ng%C3%B4i%20Sao%20Xanh%2Epdf&parent=%2Fpersonal%2Fquan%5Fdh%5Fvlu%5Fedu%5Fvn%2FDocuments%2FRa%20Kh%C6%A1i%2024%2FRa%20Kh%C6%A1i%2024%2FTR%E1%BB%8CNG%20%2D%20H%E1%BB%92%20S%C6%A0%20D%E1%BB%B0%20THI%20RA%20KH%C6%A0I%202024%2F05%2E%20Ng%C3%B4i%20Sao%20Xanh&parentview=0,,,,,,,,,,,,,
giải cứu thực phẩm “thừa”,https://vanlangunivn-my.sharepoint.com/personal/quan_dh_vlu_edu_vn/_layouts/15/onedrive.aspx?id=%2Fpersonal%2Fquan%5Fdh%5Fvlu%5Fedu%5Fvn%2FDocuments%2FRa%20Kh%C6%A1i%2024%2FRa%20Kh%C6%A1i%2024%2FTR%E1%BB%8CNG%20%2D%20H%E1%BB%92%20S%C6%A0%20D%E1%BB%B0%20THI%20RA%20KH%C6%A0I%202024%2F06%2E%20Young%20Entrepreneurs%2F%5BTTDA%5D%5FNH%C3%93M%20YOUNG%20ENTREPRENEURS%20%282%29%2Epdf&parent=%2Fpersonal%2Fquan%5Fdh%5Fvlu%5Fedu%5Fvn%2FDocuments%2FRa%20Kh%C6%A1i%2024%2FRa%20Kh%C6%A1i%2024%2FTR%E1%BB%8CNG%20%2D%20H%E1%BB%92%20S%C6%A0%20D%E1%BB%B0%20THI%20RA%20KH%C6%A0I%202024%2F06%2E%20Young%20Entrepreneurs&parentview=0,,,,,,,,,,,,,
Nền tảng công nghệ gọi đầu bếp nấu ăn tại nhà - ChefNow,https://vanlangunivn-my.sharepoint.com/:w:/r/personal/quan_dh_vlu_edu_vn/_layouts/15/Doc.aspx?sourcedoc=%7BF2A42093-224E-4E8D-9159-A7432B8925A4%7D&file=T%C3%93M%20T%E1%BA%AET%20D%E1%BB%B0%20%C3%81N%20-%20UNLIMITED.docx&action=default&mobileredirect=true&wdsle=0,,,,,,,,,,,,,
Starlento,https://vanlangunivn-my.sharepoint.com/personal/quan_dh_vlu_edu_vn/_layouts/15/onedrive.aspx?id=%2Fpersonal%2Fquan%5Fdh%5Fvlu%5Fedu%5Fvn%2FDocuments%2FRa%20Kh%C6%A1i%2024%2FRa%20Kh%C6%A1i%2024%2FTR%E1%BB%8CNG%20%2D%20H%E1%BB%92%20S%C6%A0%20D%E1%BB%B0%20THI%20RA%20KH%C6%A0I%202024%2F09%2E%20Starlento%2FT%C3%93M%20T%E1%BA%AET%20D%E1%BB%B0%20%C3%81N%5FSTARLENTO%2Epdf&parent=%2Fpersonal%2Fquan%5Fdh%5Fvlu%5Fedu%5Fvn%2FDocuments%2FRa%20Kh%C6%A1i%2024%2FRa%20Kh%C6%A1i%2024%2FTR%E1%BB%8CNG%20%2D%20H%E1%BB%92%20S%C6%A0%20D%E1%BB%B0%20THI%20RA%20KH%C6%A0I%202024%2F09%2E%20Starlento&parentview=0,,,,,,,,,,,,,
TeaUni,https://vanlangunivn-my.sharepoint.com/:w:/r/personal/quan_dh_vlu_edu_vn/_layouts/15/Doc.aspx?sourcedoc=%7B192A2DD4-38AF-4A1B-B7F1-350307CE71C4%7D&file=TT%20DAKD%20-%20Ra%20kh%C6%A1i%202024.docx&action=default&mobileredirect=true&wdsle=0,,,,,,,,,,,,,
Tái sinh phong cách,https://vanlangunivn-my.sharepoint.com/:w:/r/personal/quan_dh_vlu_edu_vn/_layouts/15/Doc.aspx?sourcedoc=%7BF3E182A1-730F-4FD6-B661-320F1B90B7FB%7D&file=%5BTTDA%5D_%20CH%E1%BB%A2%20M%E1%BB%9AI%20(1).docx&action=default&mobileredirect=true&wdsle=0,,,,,,,,,,,,,
UNI GO,https://vanlangunivn-my.sharepoint.com/:w:/r/personal/quan_dh_vlu_edu_vn/_layouts/15/Doc.aspx?sourcedoc=%7B32F73C11-156D-4920-95EE-AC53B1BC8EA9%7D&file=%5BTTDA%5D_%20UniTech.docx&action=default&mobileredirect=true&wdsle=0,,,,,,,,,,,,,
Thiết kế và Triển khai hệ thống đo tín hiệu điện tim vào đánh giá hình ảnh trên video quảng cáo,https://vanlangunivn-my.sharepoint.com/:w:/r/personal/quan_dh_vlu_edu_vn/_layouts/15/Doc.aspx?sourcedoc=%7BD4CC0477-D488-49D7-B5FB-2DE5AA9EA855%7D&file=%5BTTDA%5D_SGDi.docx&action=default&mobileredirect=true&wdsle=0,,,,,,,,,,,,,
Kinh doanh nước hoa thiết kế Online - Amant,https://vanlangunivn-my.sharepoint.com/:w:/r/personal/quan_dh_vlu_edu_vn/_layouts/15/Doc.aspx?sourcedoc=%7BBD46295A-B175-4847-AECA-7C6A1EACFFC4%7D&file=%5BTTDA%5D_B%C3%8CNH%20TH%C6%AF%E1%BB%9CNG%20B%C3%8CNH%20TH%E1%BA%A0NH.docx&action=default&mobileredirect=true&wdsle=0,,,,,,,,,,,,,
Ready Coffee,https://vanlangunivn-my.sharepoint.com/:w:/r/personal/quan_dh_vlu_edu_vn/_layouts/15/Doc.aspx?sourcedoc=%7BB0C105DD-19FE-4321-9B4E-013ED690E366%7D&file=%5BTTDA%5D_%20Coffee%20Forever.docx&action=default&mobileredirect=true&wdsle=0,,,,,,,,,,,,,
Party and date - PaDa,https://vanlangunivn-my.sharepoint.com/:w:/r/personal/quan_dh_vlu_edu_vn/_layouts/15/Doc.aspx?sourcedoc=%7BCA9586DA-A745-4132-99FF-D5CFDE60C7C7%7D&file=TTDA_PaDa.docx&action=default&mobileredirect=true&wdsle=0,,,,,,,,,,,,,
"Ứng Dung IoT Phát Triển Hệ Thống Điều Khiển, Giám Sát Nhiệt Độ Cho Xe Hàng Đông Lạnh",https://vanlangunivn-my.sharepoint.com/:w:/r/personal/quan_dh_vlu_edu_vn/_layouts/15/Doc.aspx?sourcedoc=%7BC80EA818-614D-4745-B60C-EF9BD7B3AE86%7D&file=%5BTTDA%5D_%20T%20%26%20V.docx&action=default&mobileredirect=true&wdsle=0,,,,,,,,,,,,,
PHÁT TRIỂN VÀ KINH DOANH CÁC SẢN PHẨM THỰC PHẨM TỐT CHO SỨC KHOẺ,https://vanlangunivn-my.sharepoint.com/personal/quan_dh_vlu_edu_vn/_layouts/15/onedrive.aspx?id=%2Fpersonal%2Fquan%5Fdh%5Fvlu%5Fedu%5Fvn%2FDocuments%2FRa%20Kh%C6%A1i%2024%2FRa%20Kh%C6%A1i%2024%2FTR%E1%BB%8CNG%20%2D%20H%E1%BB%92%20S%C6%A0%20D%E1%BB%B0%20THI%20RA%20KH%C6%A0I%202024%2F07%2E%20Es%2F%5BTTDA%5D%5F%20Es%2Epdf&parent=%2Fpersonal%2Fquan%5Fdh%5Fvlu%5Fedu%5Fvn%2FDocuments%2FRa%20Kh%C6%A1i%2024%2FRa%20Kh%C6%A1i%2024%2FTR%E1%BB%8CNG%20%2D%20H%E1%BB%92%20S%C6%A0%20D%E1%BB%B0%20THI%20RA%20KH%C6%A0I%202024%2F07%2E%20Es&parentview=0,,,,,,,,,,,,,
ĐAI ĐIỀU HÒA TÍCH HỢP APP ĐIỀU KHIỂN BLUETOOTH - SAC (SMART AIRCON CLOTHING),https://vanlangunivn-my.sharepoint.com/:w:/r/personal/quan_dh_vlu_edu_vn/_layouts/15/Doc.aspx?sourcedoc=%7BEEC10F79-EFF2-449C-B6D3-6FC8D32B06C8%7D&file=%5BTTDA%5D_%20THE%20SHARKS.docx&action=default&mobileredirect=true&wdsle=0,,,,,,,,,,,,,
Highway Safety,https://vanlangunivn-my.sharepoint.com/:w:/r/personal/quan_dh_vlu_edu_vn/_layouts/15/Doc.aspx?sourcedoc=%7BFDFB6F62-FE72-4FCA-8B9C-98F5C748B5F3%7D&file=%5BTTDA%5D_Making%20Safe.docx&action=default&mobileredirect=true&wdsle=0,,,,,,,,,,,,,
LOVE CARE ( ứng dụng book chăm sóc sức khỏe mẹ và bé),https://vanlangunivn-my.sharepoint.com/:w:/r/personal/quan_dh_vlu_edu_vn/_layouts/15/Doc.aspx?sourcedoc=%7B17980286-9066-4640-AFF6-2C17C95D5D84%7D&file=%5BTTDA%5D%20%20SAILING.docx&action=default&mobileredirect=true&wdsle=0,,,,,,,,,,,,,
FART EDUCATION AND INNOVATION,https://vanlangunivn-my.sharepoint.com/:w:/r/personal/quan_dh_vlu_edu_vn/_layouts/15/Doc.aspx?sourcedoc=%7B28AE34C4-AFBC-46A2-881B-957577899D0F%7D&file=%5BTTDA%5D_%20FINE.docx&action=default&mobileredirect=true&wdsle=0,,,,,,,,,,,,,
Mini Water Treatment Kit ,https://vanlangunivn-my.sharepoint.com/personal/quan_dh_vlu_edu_vn/_layouts/15/onedrive.aspx?id=%2Fpersonal%2Fquan%5Fdh%5Fvlu%5Fedu%5Fvn%2FDocuments%2FRa%20Kh%C6%A1i%2024%2FRa%20Kh%C6%A1i%2024%2FTR%E1%BB%8CNG%20%2D%20H%E1%BB%92%20S%C6%A0%20D%E1%BB%B0%20THI%20RA%20KH%C6%A0I%202024%2F18%2E%20Zest%2F%5BTTDA%5D%5FZEST%2Epdf&parent=%2Fpersonal%2Fquan%5Fdh%5Fvlu%5Fedu%5Fvn%2FDocuments%2FRa%20Kh%C6%A1i%2024%2FRa%20Kh%C6%A1i%2024%2FTR%E1%BB%8CNG%20%2D%20H%E1%BB%92%20S%C6%A0%20D%E1%BB%B0%20THI%20RA%20KH%C6%A0I%202024%2F18%2E%20Zest&parentview=0,,,,,,,,,,,,,
Safety & Swimming Rescue Equipment (Thiết bị cứu hộ dưới nước tích hợp trí tuệ nhân tạo (AI) và tự động hóa),https://vanlangunivn-my.sharepoint.com/personal/quan_dh_vlu_edu_vn/_layouts/15/onedrive.aspx?id=%2Fpersonal%2Fquan%5Fdh%5Fvlu%5Fedu%5Fvn%2FDocuments%2FRa%20Kh%C6%A1i%2024%2FRa%20Kh%C6%A1i%2024%2FTR%E1%BB%8CNG%20%2D%20H%E1%BB%92%20S%C6%A0%20D%E1%BB%B0%20THI%20RA%20KH%C6%A0I%202024%2F23%2E%20Esp%C3%A9rance%2F%5BTTDA%5D%20%5F%20Esp%C3%A9rance%20%5F%20SSRE%2Epdf&parent=%2Fpersonal%2Fquan%5Fdh%5Fvlu%5Fedu%5Fvn%2FDocuments%2FRa%20Kh%C6%A1i%2024%2FRa%20Kh%C6%A1i%2024%2FTR%E1%BB%8CNG%20%2D%20H%E1%BB%92%20S%C6%A0%20D%E1%BB%B0%20THI%20RA%20KH%C6%A0I%202024%2F23%2E%20Esp%C3%A9rance&parentview=0,,,,,,,,,,,,,
GOOWEDDING (GooWedding) - Ứng dụng cung cấp dịch vụ liên quan đến tiệc cưới và các thủ tục nghi thức cưới hỏi.,https://vanlangunivn-my.sharepoint.com/personal/quan_dh_vlu_edu_vn/_layouts/15/onedrive.aspx?id=%2Fpersonal%2Fquan%5Fdh%5Fvlu%5Fedu%5Fvn%2FDocuments%2FRa%20Kh%C6%A1i%2024%2FRa%20Kh%C6%A1i%2024%2FTR%E1%BB%8CNG%20%2D%20H%E1%BB%92%20S%C6%A0%20D%E1%BB%B0%20THI%20RA%20KH%C6%A0I%202024%2F22%2E%20Esp%C3%A9rance%2F%5BTTDA%5D%20%5F%20Esp%C3%A9rance%20%5F%20GooWedding%2Epdf&parent=%2Fpersonal%2Fquan%5Fdh%5Fvlu%5Fedu%5Fvn%2FDocuments%2FRa%20Kh%C6%A1i%2024%2FRa%20Kh%C6%A1i%2024%2FTR%E1%BB%8CNG%20%2D%20H%E1%BB%92%20S%C6%A0%20D%E1%BB%B0%20THI%20RA%20KH%C6%A0I%202024%2F22%2E%20Esp%C3%A9rance&parentview=0,,,,,,,,,,,,,
"GẤM – Thương hiệu thời trang các phụ kiện phục trang bằng vải tái chế và họa tiết gấm hoa, thổ cẩm với mô hình tiện lợi hơn, tiết kiệm hơn",https://vanlangunivn-my.sharepoint.com/personal/quan_dh_vlu_edu_vn/_layouts/15/onedrive.aspx?id=%2Fpersonal%2Fquan%5Fdh%5Fvlu%5Fedu%5Fvn%2FDocuments%2FRa%20Kh%C6%A1i%2024%2FRa%20Kh%C6%A1i%2024%2FTR%E1%BB%8CNG%20%2D%20H%E1%BB%92%20S%C6%A0%20D%E1%BB%B0%20THI%20RA%20KH%C6%A0I%202024%2F24%2E%20Esp%C3%A9rance%2F%5BTTDA%5D%20%5F%20Esp%C3%A9rance%20%5F%20GAM%2Epdf&parent=%2Fpersonal%2Fquan%5Fdh%5Fvlu%5Fedu%5Fvn%2FDocuments%2FRa%20Kh%C6%A1i%2024%2FRa%20Kh%C6%A1i%2024%2FTR%E1%BB%8CNG%20%2D%20H%E1%BB%92%20S%C6%A0%20D%E1%BB%B0%20THI%20RA%20KH%C6%A0I%202024%2F24%2E%20Esp%C3%A9rance&parentview=0,,,,,,,,,,,,,
FAL ACADEMY,https://vanlangunivn-my.sharepoint.com/:w:/r/personal/quan_dh_vlu_edu_vn/_layouts/15/Doc.aspx?sourcedoc=%7BB2B8A189-D842-4A99-9F71-90352A594C53%7D&file=%5BTTDA%5D_%20FAL%20ACADEMY.docx&action=default&mobileredirect=true&wdsle=0,,,,,,,,,,,,,
AudioScape,https://vanlangunivn-my.sharepoint.com/:w:/r/personal/quan_dh_vlu_edu_vn/_layouts/15/Doc.aspx?sourcedoc=%7B5B9E4B2C-88A8-4FEB-995A-D4A4A5361AE6%7D&file=MOSAIC-RA-KH%C6%A0I.docx&action=default&mobileredirect=true&wdsle=0,,,,,,,,,,,,,
Khởi nghiệp Dịch vụ Custom quần áo,https://vanlangunivn-my.sharepoint.com/:w:/r/personal/quan_dh_vlu_edu_vn/_layouts/15/Doc.aspx?sourcedoc=%7B7D2279A2-4648-43F7-9491-5368774B13A8%7D&file=STARTUP%20VLU%202024.docx&action=default&mobileredirect=true&wdsle=0,,,,,,,,,,,,,
AS(O)AP! ,https://vanlangunivn-my.sharepoint.com/personal/quan_dh_vlu_edu_vn/_layouts/15/onedrive.aspx?id=%2Fpersonal%2Fquan%5Fdh%5Fvlu%5Fedu%5Fvn%2FDocuments%2FRa%20Kh%C6%A1i%2024%2FRa%20Kh%C6%A1i%2024%2FTR%E1%BB%8CNG%20%2D%20H%E1%BB%92%20S%C6%A0%20D%E1%BB%B0%20THI%20RA%20KH%C6%A0I%202024%2F28%2E%20GIIno%2F%5BTTDA%5D%5F%20GIIno%2Epdf&parent=%2Fpersonal%2Fquan%5Fdh%5Fvlu%5Fedu%5Fvn%2FDocuments%2FRa%20Kh%C6%A1i%2024%2FRa%20Kh%C6%A1i%2024%2FTR%E1%BB%8CNG%20%2D%20H%E1%BB%92%20S%C6%A0%20D%E1%BB%B0%20THI%20RA%20KH%C6%A0I%202024%2F28%2E%20GIIno&parentview=0,,,,,,,,,,,,,
Thiết kế và Triển khai hệ thống đo lường hiệu quả tái sắp xếp gian hàng bằng hệ thống computer vison,https://vanlangunivn-my.sharepoint.com/:w:/r/personal/quan_dh_vlu_edu_vn/_layouts/15/Doc.aspx?sourcedoc=%7B57E55192-2040-4DC8-BE13-A0FE5682BA91%7D&file=%5BTTDA%5D_SGDi.docx&action=default&mobileredirect=true&wdsle=0,,,,,,,,,,,,,
VFC - PCS (Privacy-enhanced credential service) - Dịch vụ chứng thực thông tin nâng cao quyền riêng tư trên cơ sở BlockChain,https://vanlangunivn-my.sharepoint.com/:w:/r/personal/quan_dh_vlu_edu_vn/_layouts/15/Doc.aspx?sourcedoc=%7B9D037016-DF2D-4A20-B359-725AB33660F8%7D&file=%5BTTDA%5D_VFC%20Group_KhoaCNTT_Team3.docx&action=default&mobileredirect=true&wdsle=0,,,,,,,,,,,,,
SDorm - Phần mềm quản lý ký túc xá thông minh cho các trường đại học,https://vanlangunivn-my.sharepoint.com/:w:/r/personal/quan_dh_vlu_edu_vn/_layouts/15/Doc.aspx?sourcedoc=%7BF6AA8424-A996-4A56-88D4-28FF86B62139%7D&file=%5BTTDA%5D_Brainstorm_KhoaCNTT_Team4.docx&action=default&mobileredirect=true&wdsle=0,,,,,,,,,,,,,
Ứng dụng gợi ý lịch trình du lịch - DreamTrip,https://vanlangunivn-my.sharepoint.com/:w:/r/personal/quan_dh_vlu_edu_vn/_layouts/15/Doc.aspx?sourcedoc=%7B19E0F9FE-C5D6-4710-89C4-EB16785710ED%7D&file=%5BTTDA%5D_NewHorizon_KhoaCNTT_Team2.docx&action=default&mobileredirect=true&wdsle=0,,,,,,,,,,,,,
Mạng Lưới Thực Phẩm Bền Vững (Sustainable Food Network),https://vanlangunivn-my.sharepoint.com/:w:/r/personal/quan_dh_vlu_edu_vn/_layouts/15/Doc.aspx?sourcedoc=%7BEC8265A6-1EAE-4090-BFA8-7DCDCA15527B%7D&file=%5BTTDA%5D_%20Fair%20and%20Square.docx&action=default&mobileredirect=true&wdsle=0,,,,,,,,,,,,,
Quỹ phòng hộ lạm phát – GOLDI,https://vanlangunivn-my.sharepoint.com/personal/quan_dh_vlu_edu_vn/_layouts/15/onedrive.aspx?id=%2Fpersonal%2Fquan%5Fdh%5Fvlu%5Fedu%5Fvn%2FDocuments%2FRa%20Kh%C6%A1i%2024%2FRa%20Kh%C6%A1i%2024%2FTR%E1%BB%8CNG%20%2D%20H%E1%BB%92%20S%C6%A0%20D%E1%BB%B0%20THI%20RA%20KH%C6%A0I%202024%2F34%2E%20Double%2DM%2F%5BTTDA%5D%20%5F%20DOUBLE%2DM%2Epdf&parent=%2Fpersonal%2Fquan%5Fdh%5Fvlu%5Fedu%5Fvn%2FDocuments%2FRa%20Kh%C6%A1i%2024%2FRa%20Kh%C6%A1i%2024%2FTR%E1%BB%8CNG%20%2D%20H%E1%BB%92%20S%C6%A0%20D%E1%BB%B0%20THI%20RA%20KH%C6%A0I%202024%2F34%2E%20Double%2DM&parentview=0,,,,,,,,,,,,,
Thiết bị cảnh báo buồn ngủ khi lái xe (SLEEPY SENTINEL),https://vanlangunivn-my.sharepoint.com/:w:/r/personal/quan_dh_vlu_edu_vn/_layouts/15/Doc.aspx?sourcedoc=%7BBF398B51-3A57-4423-BF56-DB4E25A062A9%7D&file=ttda-twos-group.docx&action=default&mobileredirect=true&wdsle=0,,,,,,,,,,,,,
TIKERA – Hệ sinh thái phát triển thương hiệu số,https://vanlangunivn-my.sharepoint.com/personal/quan_dh_vlu_edu_vn/_layouts/15/onedrive.aspx?id=%2Fpersonal%2Fquan%5Fdh%5Fvlu%5Fedu%5Fvn%2FDocuments%2FRa%20Kh%C6%A1i%2024%2FRa%20Kh%C6%A1i%2024%2FTR%E1%BB%8CNG%20%2D%20H%E1%BB%92%20S%C6%A0%20D%E1%BB%B0%20THI%20RA%20KH%C6%A0I%202024%2F36%2E%20Tikera%2F%5BTTDA%5D%5F%20TIKERA%2Epdf&parent=%2Fpersonal%2Fquan%5Fdh%5Fvlu%5Fedu%5Fvn%2FDocuments%2FRa%20Kh%C6%A1i%2024%2FRa%20Kh%C6%A1i%2024%2FTR%E1%BB%8CNG%20%2D%20H%E1%BB%92%20S%C6%A0%20D%E1%BB%B0%20THI%20RA%20KH%C6%A0I%202024%2F36%2E%20Tikera&parentview=0,,,,,,,,,,,,,
Yuumi – Trợ lý ảo chăm sóc sức khỏe,https://vanlangunivn-my.sharepoint.com/:w:/r/personal/quan_dh_vlu_edu_vn/_layouts/15/Doc.aspx?sourcedoc=%7BA0385A72-1B42-4290-83FD-14112A42D274%7D&file=%5BTTDA%5D_%20Yuumi_%20TRO%20LY%20AO%20CHAM%20SOC%20SUC%20KHOE.docx&action=default&mobileredirect=true&wdsle=0,,,,,,,,,,,,,
MediTech GPT – Nền tảng hỗ trợ chẩn đoán bệnh thông minh tích hợp trí tuệ nhân tạo (AI) và thị giác máy tính (Computer Vision),https://vanlangunivn-my.sharepoint.com/:w:/r/personal/quan_dh_vlu_edu_vn/_layouts/15/Doc.aspx?sourcedoc=%7B9CC9B118-E2BD-47C7-9676-67E68094DC6B%7D&file=%5BTTDA%5D_Dinovator_KhoaCNTT_Team5.docx&action=default&mobileredirect=true&wdsle=0,,,,,,,,,,,,,
Ứng dụng hỗ trợ tâm lí cộng đồng,https://vanlangunivn-my.sharepoint.com/personal/quan_dh_vlu_edu_vn/_layouts/15/onedrive.aspx?id=%2Fpersonal%2Fquan%5Fdh%5Fvlu%5Fedu%5Fvn%2FDocuments%2FRa%20Kh%C6%A1i%2024%2FRa%20Kh%C6%A1i%2024%2FTR%E1%BB%8CNG%20%2D%20H%E1%BB%92%20S%C6%A0%20D%E1%BB%B0%20THI%20RA%20KH%C6%A0I%202024%2F39%2E%20SoulCalm%2F%5BTTDA%5D%5F%20SOULCALM%2Epdf&parent=%2Fpersonal%2Fquan%5Fdh%5Fvlu%5Fedu%5Fvn%2FDocuments%2FRa%20Kh%C6%A1i%2024%2FRa%20Kh%C6%A1i%2024%2FTR%E1%BB%8CNG%20%2D%20H%E1%BB%92%20S%C6%A0%20D%E1%BB%B0%20THI%20RA%20KH%C6%A0I%202024%2F39%2E%20SoulCalm&parentview=0,,,,,,,,,,,,,
CROCHET DREAMS,https://vanlangunivn-my.sharepoint.com/:w:/r/personal/quan_dh_vlu_edu_vn/_layouts/15/Doc.aspx?sourcedoc=%7B6EBB753C-42FE-4631-A94A-B5D333461B39%7D&file=%5BTTDA%5D_%20GI%E1%BA%A4C%20M%C6%A0%20LEN.docx&action=default&mobileredirect=true&wdsle=0,,,,,,,,,,,,,
Đèn Tác Động Nhịp Sinh Học - SUNDREAM,https://vanlangunivn-my.sharepoint.com/:w:/r/personal/quan_dh_vlu_edu_vn/_layouts/15/Doc.aspx?sourcedoc=%7BE51D7C58-50CF-4EF7-BFC6-5BC7B1D3CF66%7D&file=%5BTTDA%5D_%20REACH.docx&action=default&mobileredirect=true&wdsle=0,,,,,,,,,,,,,
UniFund,https://vanlangunivn-my.sharepoint.com/:w:/r/personal/quan_dh_vlu_edu_vn/_layouts/15/Doc.aspx?sourcedoc=%7BB45DDB9E-A981-41CA-9A97-322F2DC6F914%7D&file=RA%20KH%C6%A0I%202024%20-%20T%C3%93M%20T%E1%BA%AET%20D%E1%BB%B0%20%C3%81N%20UNIFUND.docx&action=default&mobileredirect=true&wdsle=0,,,,,,,,,,,,,
Túi lọc dầu thải trong sinh hoạt,https://vanlangunivn-my.sharepoint.com/personal/quan_dh_vlu_edu_vn/_layouts/15/onedrive.aspx?id=%2Fpersonal%2Fquan%5Fdh%5Fvlu%5Fedu%5Fvn%2FDocuments%2FRa%20Kh%C6%A1i%2024%2FRa%20Kh%C6%A1i%2024%2FTR%E1%BB%8CNG%20%2D%20H%E1%BB%92%20S%C6%A0%20D%E1%BB%B0%20THI%20RA%20KH%C6%A0I%202024%2F43%2E%20Will%2F%5BTTDA%5D%5FWILL%2Epdf&parent=%2Fpersonal%2Fquan%5Fdh%5Fvlu%5Fedu%5Fvn%2FDocuments%2FRa%20Kh%C6%A1i%2024%2FRa%20Kh%C6%A1i%2024%2FTR%E1%BB%8CNG%20%2D%20H%E1%BB%92%20S%C6%A0%20D%E1%BB%B0%20THI%20RA%20KH%C6%A0I%202024%2F43%2E%20Will&parentview=0,,,,,,,,,,,,,
"Dự án hỗ trợ sản xuất, thương mại dành cho nông sản",https://vanlangunivn-my.sharepoint.com/personal/quan_dh_vlu_edu_vn/_layouts/15/onedrive.aspx?id=%2Fpersonal%2Fquan%5Fdh%5Fvlu%5Fedu%5Fvn%2FDocuments%2FRa%20Kh%C6%A1i%2024%2FRa%20Kh%C6%A1i%2024%2FTR%E1%BB%8CNG%20%2D%20H%E1%BB%92%20S%C6%A0%20D%E1%BB%B0%20THI%20RA%20KH%C6%A0I%202024%2F44%2E%20Bright%2F%5BTTDA%5D%5F%20Bright%2Epdf&parent=%2Fpersonal%2Fquan%5Fdh%5Fvlu%5Fedu%5Fvn%2FDocuments%2FRa%20Kh%C6%A1i%2024%2FRa%20Kh%C6%A1i%2024%2FTR%E1%BB%8CNG%20%2D%20H%E1%BB%92%20S%C6%A0%20D%E1%BB%B0%20THI%20RA%20KH%C6%A0I%202024%2F44%2E%20Bright&parentview=0,,,,,,,,,,,,,
Thực phẩm sấy dẻo và màng bảo vệ từ vỏ chanh dây phụ phẩm (Soft dried food and protective film from passion fruit peel by-products),https://vanlangunivn-my.sharepoint.com/:w:/r/personal/quan_dh_vlu_edu_vn/_layouts/15/Doc.aspx?sourcedoc=%7BF3F3DBC2-5687-4C84-BA11-FF86A4141EF8%7D&file=T%C3%93M%20T%E1%BA%AET%20D%E1%BB%B0%20%C3%81N%20RA%20KH%C6%A0I-%20nh%C3%B3m%20100%20Perfruit.docx&action=default&mobileredirect=true&wdsle=0,,,,,,,,,,,,,
AMV – Ngư Trường Không Người Lái.,https://vanlangunivn-my.sharepoint.com/:w:/r/personal/quan_dh_vlu_edu_vn/_layouts/15/Doc.aspx?sourcedoc=%7B7ADFF970-1D76-494C-805A-40600F1F0B17%7D&file=%5BTTDA%5D_AMV.docx&action=default&mobileredirect=true&wdsle=0,,,,,,,,,,,,,
Đồng hồ phòng thân,https://vanlangunivn-my.sharepoint.com/:w:/r/personal/quan_dh_vlu_edu_vn/_layouts/15/Doc.aspx?sourcedoc=%7B06C75FF6-B1CB-4AF4-BF90-F5A3B3DF7956%7D&file=%5BTTDA%5D_%20C%C3%A2y%20L%C3%BAa.docx&action=default&mobileredirect=true&wdsle=0,,,,,,,,,,,,,
Tưới SoFund,https://vanlangunivn-my.sharepoint.com/:w:/r/personal/quan_dh_vlu_edu_vn/_layouts/15/Doc.aspx?sourcedoc=%7BC17D0001-62DC-43FE-889A-176DA13C3864%7D&file=%5BTTDA%5D_T%C6%B0%E1%BB%9Bi%20SoFund.docx&action=default&mobileredirect=true&wdsle=0,,,,,,,,,,,,,
GreenChain,https://vanlangunivn-my.sharepoint.com/:w:/r/personal/quan_dh_vlu_edu_vn/_layouts/15/Doc.aspx?sourcedoc=%7B4F7DA2A3-DD1F-426E-BA83-E6D3B9B3A84D%7D&file=B%E1%BA%A3n%20sao%20c%E1%BB%A7a%20%5BTTDA%5D_%20T%C3%8AN%20%C4%90%E1%BB%98I%20THI.docx&action=default&mobileredirect=true&wdsle=0,,,,,,,,,,,,,
Hộp Đồ Chơi Gỗ Bí Ẩn,https://vanlangunivn-my.sharepoint.com/:w:/r/personal/quan_dh_vlu_edu_vn/_layouts/15/Doc.aspx?sourcedoc=%7BA20D512F-6443-4D44-95A5-F65AF28F2B55%7D&file=%5BTTDA%5D_%20KHOI%20NGHIEP.docx&action=default&mobileredirect=true&wdsle=0,,,,,,,,,,,,,
Điểm nhận hàng,https://vanlangunivn-my.sharepoint.com/:w:/r/personal/quan_dh_vlu_edu_vn/_layouts/15/Doc.aspx?sourcedoc=%7BCE16C88A-FE00-4387-B962-FF31ACD200CB%7D&file=%5BTTDA%5D_%20Sailing%20Beyond%20the%20Wind.docx&action=default&mobileredirect=true&wdsle=0,,,,,,,,,,,,,
Dịch vụ ở cữ cho phụ nữ sau sinh Babau,https://vanlangunivn-my.sharepoint.com/:w:/r/personal/quan_dh_vlu_edu_vn/_layouts/15/Doc.aspx?sourcedoc=%7B79097D1D-226B-4ADA-8ACD-44EC2890DB9B%7D&file=%5BTTDA%5D_%20Dynamic.docx&action=default&mobileredirect=true&wdsle=0,,,,,,,,,,,,,
Son chay,https://vanlangunivn-my.sharepoint.com/:w:/r/personal/quan_dh_vlu_edu_vn/_layouts/15/Doc.aspx?sourcedoc=%7B0CB3F887-89A5-4457-99E5-599A0501D9D4%7D&file=NH%C3%93M%20NICE%20-%20SON%20CHAY.docx&action=default&mobileredirect=true&wdsle=0,,,,,,,,,,,,,
Kangkong Tea,https://vanlangunivn-my.sharepoint.com/:w:/r/personal/quan_dh_vlu_edu_vn/_layouts/15/Doc.aspx?sourcedoc=%7B26F95069-7694-4D01-94DF-4CAC756D512C%7D&file=TO%CC%81M%20TA%CC%86%CC%81T%20DU%CC%9B%CC%A3%20A%CC%81N.docx&action=default&mobileredirect=true&wdsle=0,,,,,,,,,,,,,
Tourify,https://vanlangunivn-my.sharepoint.com/:w:/r/personal/quan_dh_vlu_edu_vn/_layouts/15/Doc.aspx?sourcedoc=%7B1DF836CA-3515-4BB8-A5A3-B40262B09ED3%7D&file=%5BTTDA%5D_%20DOMINATORSdocx.docx&action=default&mobileredirect=true&wdsle=0,,,,,,,,,,,,,
Skills Development,https://vanlangunivn-my.sharepoint.com/:w:/r/personal/quan_dh_vlu_edu_vn/_layouts/15/Doc.aspx?sourcedoc=%7BFDD4409B-8A38-44C8-B3E7-F999DD71CB21%7D&file=%5BTTDA%5D_%20Dream.docx&action=default&mobileredirect=true&wdsle=0,,,,,,,,,,,,,
BioPicture,https://vanlangunivn-my.sharepoint.com/:w:/r/personal/quan_dh_vlu_edu_vn/_layouts/15/Doc.aspx?sourcedoc=%7BEB08F63A-490F-48B4-BEC2-28FA7087A348%7D&file=%5BTTDA%5D_%20L%C3%A1%20Xanh.docx&action=default&mobileredirect=true&wdsle=0,,,,,,,,,,,,,
"Máy khử DORIZ-5 - Hệ thống khử mùi, diệt khuẩn trong nhà vệ sinh",https://vanlangunivn-my.sharepoint.com/:w:/r/personal/quan_dh_vlu_edu_vn/_layouts/15/Doc.aspx?sourcedoc=%7BBEE7849E-2032-4909-90E9-4C5BFB74B937%7D&file=%5BTTDA%5D_Lost%26Found_KhoaCNTT_Team1.docx&action=default&mobileredirect=true&wdsle=0,,,,,,,,,,,,,
Mô hình lắp ráp tái chế từ vải,https://vanlangunivn-my.sharepoint.com/:w:/r/personal/quan_dh_vlu_edu_vn/_layouts/15/Doc.aspx?sourcedoc=%7B1436A110-5040-4268-99A3-12B575BFC375%7D&file=%5BTTDA%5D_RESEMEL.docx&action=default&mobileredirect=true&wdsle=0,,,,,,,,,,,,,
TÁI CHẾ PHẾ PHẨM SÁNG TẠO XANH,https://vanlangunivn-my.sharepoint.com/:w:/r/personal/quan_dh_vlu_edu_vn/_layouts/15/Doc.aspx?sourcedoc=%7BF8398C59-24B8-4380-8EFF-E2F91A9A7927%7D&file=%5BTTDA%5D_%203R%20(Recycle%20-%20Reduce%20-%20Reuse)%20(1).docx&action=default&mobileredirect=true&wdsle=0,,,,,,,,,,,,,
Hệ thống Quản lý và Điều phối Y tế tích hợp AI,"Nền tảng AI điều phối y tế, tối ưu vận hành nội viện theo thời gian thực",,,,,,,,,,,,,
FEMAlign , Hệ thống ứng dụng trí tuệ nhân tạo (AI) hỗ trợ bác sĩ chỉnh nha xác lập lộ trình điều trị và mô phỏng kết quả sau điều trị,,,,,,,,,,,,,
MIMO , Trợ lý vận hành phòng khám Nha thời đại số,,,,,,,,,,,,,
CareLogix, Trợ lý AI trong hành chính y tế,,,,,,,,,,,,,
Salus Mentis: Sức khỏe tâm trí,Giúp tự động hóa quá trình tạo ra báo cáo y tế dựa trên dữ liệu thu thập từ hệ thống HIS và các mẫu báo cáo đầu vào từ người dùng.,,,,,,,,,,,,,
DentAI ,"Trợ lý đọc phim X-quang, đồng hành cùng bác sĩ Răng Hàm Mặt Việt Nam",,,,,,,,,,,,,
Breat Motion,Ứng dụng quản lý sức khoẻ toàn diện ,,,,,,,,,,,,,
Mô hình Tổ Ấm Tuổi Xế Chiều,Dự án Tổ Ấm Tuổi Xế Chiều xây dựng hệ sinh thái dịch vụ chăm sóc sức khỏe,,,,,,,,,,,,,
SpeedWash,Dự án SpeedWash cung cấp dịch vụ rửa xe thông minh tại các trung tâm thương mại lớn như Vincom và AEON Mall. Khách hàng có thể đặt lịch và theo dõi tiến độ qua ứng dụng di động hoặc trực tiếp tại quầy.,,,,,,,,,,,,,
Liteefea Study coffee ,"Dự án Liteefea study coffee sẽ cung cấp không gian học tập kết hợp quán
cà phê, phục vụ nhu cầu của sinh viên và người làm việc cần môi trường
yên tĩnh, tiện nghi để học tập và làm việc, đặc biệt là nhóm Gen Z tại
thành phố Hồ Chí Minh.",,,,,,,,,,,,,
Yên Linh - Trà măng tây ,"Dự án biến phế phẩm nông nghiệp từ gốc măng tây thành sản phẩm trà mang nhiều công dụng tốt cho sức khỏe của người tiêu dùng, trà Yên Linh không chỉ mang đến giá trị kinh tế cho nông dân mà còn góp phần đáp ứng nhu cầu ngày càng tăng của người tiêu dùng về các sản phẩm thay thế bổ dưỡng.",,,,,,,,,,,,,
Yuumi - Trợ lý sức khỏe thông minh,"Yuumi là một ứng dụng chăm sóc sức khỏe đa di năng tại Việt Nam, với mục tiêu cung  cấp thông tin, dịch vụ tư vấn cá nhân hóa về chăm sóc sức khỏe độc quyền để mang lại sự an tâm cho người dân Việt Nam.",,,,,,,,,,,,,
Dự án khởi nghiệp thương hiệu Trà Thị,"Dự án Trà Thị - Thương hiệu Trà thơm tôn vinh nét đẹp người phụ nữ truyền thống Việt Nam qua bốn thức trà theo bốn mùa:
Mùa Xuân - Trà Hoa Mộc, Mùa Hè - Trà Hoa Sen, Mùa Thu - Trà Hoa Ngọc Lan, Mùa Đông – Trà Hoa Gừng Đen. Mỗi loài hoa
tương ứng với 4 công dụng tốt cho sức khoẻ theo mùa cho nữ giới với mục tiêu đem thương hiệu trà Thái Nguyên – nơi được
ví như là viên ngọc xanh phía Bắc mang đậm dấu ấn Việt Nam đến khắp mọi miền đất nước và với bạn bè quốc tế.",,,,,,,,,,,,,
 XÂY DỰNG WEBSITE KẾT NỐI BẾP VIỆT VỚI THẾ HỆ TRẺ,"Ý tưởng chính của dư án: Nhóm tôi mong muốn đem đến trải nghiệm thực hiện và tạo ra những món ăn truyền thống Việt cho thế hệ trẻ nhằm nung nấu, giữ lửa cho căn bếp.",,,,,,,,,,,,,
DỰ ÁN MOTIVATION,"Motivation là một ứng dụng học tiếng anh và là môi trường giao tiếp, tương tác ảo cho người dùng. Không chỉ vậy, Motivation là một agency, đơn vị trung gian kết nối người có nhu cầu học tiếng anh với các trung tâm anh ngữ và đồng thời là đơn vị sáng tạo, tổ chức và kích thích tạo động lực học tập cho người dùng/học viên.",,,,,,,,,,,,,
BOOKS AWAY,"Dự án Books away được lấy ý tưởng dựa trên tinh thần đọc sách và muốn lan tỏa ý nghĩa của việc đọc sáhc đến cho tất cả mọi người. Với mong muốn vượt mọi rào cản, mang đến tận tay người đọc những quyển sách có giá trị",,,,,,,,,,,,,
From Our Kitchen to Yours: Taste the Heart of Vietnam,"Nền ẩm thực Việt Nam không chỉ là hành trình hương vị đã được ghi dấu, gọt giũa qua hàng ngàn năm lịch sử, mà còn là cầu nối văn hóa độc đáo, được thế giới công nhận qua nhiều giải thưởng uy tín. Trên bản đồ ẩm thực thế giới, các món ăn Việt không chỉ được vinh danh bởi hương vị độc đáo mà còn trở thành một điểm đến văn hóa thu hút du khách quốc tế. Tuy nhiên, điều đặc biệt nhất trong văn hóa ẩm thực Việt nằm ở giá trị tinh thần của bữa cơm gia đình - nơi mà mỗi món ăn đóng vai trò là sợi dây gắn kết các thế hệ, là nhịp cầu nối những tình cảm gia đình, láng giềng. Với mong muốn lan tỏa nhiều hơn về những nét đẹp gia đình Việt từ món ăn, dự án “From Our Kitchen to Yours: Taste the Heart of Vietnam” ra đời với sứ mệnh lan tỏa nét đẹp văn hóa ẩm thực Việt Nam đến bạn bè quốc tế.",,,,,,,,,,,,,
RULOW THAY ĐỔI CỘNG ĐỒNG,"Nhận thấy nhiều bạn trẻ ở độ tuổi vị thành niên lo ngại về mùi cơ thể và không tự tin trong các hoạt động hằng ngày, vi vậy doanh RULOW ra đời với mong muốn khắc phục các khuyết điểm trên",,,,,,,,,,,,,
Tương lai mới,https://drive.google.com/open?id=1lPtstSoSHkdjJRFQ4t1yJAY_IaV1PXJV,,,,,,,,,,,,,
ASPIRIN FLORA - SẢN PHẨM AN TOÀN CHO CÂY CẢNH,"Dự án khởi nghiệp  thu gom Aspirin hết hạn, pha chế với nước theo tỉ lệ hợp lý để tạo ra phân bón và bán ra thị trường. Ý tưởng này được tạo ra nhằm giải quyết tình trạng thuốc hết hạn sử dụng trong ngành dược, giảm thiểu tác động môi trường khi xử lý thuốc hết hạn và tạo ra sản phẩm có lợi cho cây cảnh",,,,,,,,,,,,,
EduPlay ,"Dự án EduPlay là ứng dụng trò chơi trực tuyến, cung cấp giải pháp giáo dục dành cho trẻ tự kỷ thông qua các tình huống mô phỏng phù hợp với từng độ tuổi và mức độ phát triển của trẻ.",,,,,,,,,,,,,
TRẢI NGHIỆM DI SẢN SỐ ,https://drive.google.com/open?id=1lBc7Rm0cyZVdq-G8lxysE-J4SWnmZ_3W4y5XSi7Mw5w,,,,,,,,,,,,,
HEALTHY VIETNAMESE CUISINE – THE RUD,"Dự án này tập trung vào việc biến tấu các món ăn Việt truyền thống thành những món ăn healthy, mang đến một trải nghiệm ẩm thực mới lạ và bổ dưỡng, song song đó là truyền tải câu chuyện và giá trị văn hóa Việt qua từng món ăn và bao bì sản phẩm.",,,,,,,,,,,,,
MÔ HÌNH KINH DOANH BÓ HOA THIẾT THỰC TỪ TRÁI CÂY,"Ý tưởng chính của dự án: Dự án chuyên cung cấp các bó hoa trái cây độc
đáo, kết hợp giữa tính thẩm mỹ của hoa tươi và hương vị tươi ngon của
trái cây, mang đến món quà thiết thực và ý nghĩa cho các dịp lễ, sự kiện,
và các mối quan hệ doanh nghiệp.",,,,,,,,,,,,,
ĐỒ CHỐNG XỐC HÀNG HÓA BẰNG LỤC BÌNH,"Ý tưởng chính của dự án: Dự án chuyên cung cấp các bó hoa trái cây độc đáo, kết hợp giữa tính thẩm mỹ của hoa tươi và hương vị tươi ngon của trái cây, mang đến món quà thiết thực và ý nghĩa cho các dịp lễ, sự kiện, và các mối quan hệ doanh nghiệp.",,,,,,,,,,,,,
BANANA FIBER RECYCLING,"Dự án ""tái chết sơ chuối"" từ thân cây chuối, chúng tôi sẽ tận dụng sơi chuối để sản xuất chậu và giỏ thủ công, mang tính chất thẩm mỹ, thân thiện với môi trường. Dự án kết hợp yếu tố bền vững, sáng tạo, góp phần giảm thiểu rác thải nông nghiệp",,,,,,,,,,,,,
Share2Receive ,Ứng dụng trao đổi đồ dùng thời trang cũ giúp,,,,,,,,,,,,,
AN MỘC,,,,,,,,,,,,,,
Petcare , Ứng dụng điện thoại kết nối với doanh nghiệp nhằm cung cấp các dịch vụ chăm sóc cho thú cưng,,,,,,,,,,,,,
Ống hút bã cà phê SR,Ống hút bã cà phê SR,,,,,,,,,,,,,
Ống hút bã cà phê SR,,,,,,,,,,,,,,
"Nghiên cứu và phát triển hệ thống giúp phân phối thực phẩm đến người có nhu cầu, giảm lãng phí do loại bỏ thức ăn dư tại Tp.HCM","Nghiên cứu và phát triển hệ thống giúp phân phối thực phẩm đến người có nhu cầu, giảm lãng phí do loại bỏ thức ăn dư tại Tp.HCM",,,,,,,,,,,,,
TRUSTIFY CSR ,GIẢI PHÁP MINH BẠCH HOẠT ĐỘNG TỪ THIỆN XÃ HỘI DỰA TRÊN CÔNG NGHỆ BLOCKCHAIN,,,,,,,,,,,,,
DailyOptimize Plus (tên viết tắt DO+),Ứng dụng tích hợp AI giúp người dùng lên kế hoạch học tập/ làm việc & tính toán chi tiêu trong cuộc sống hàng ngày,,,,,,,,,,,,,
FastBuy ,Ứng dụng hỗ trợ khách hàng tra cứu về thông tin sản phẩm và giúp khách hàng thanh toán một cách nhanh chóng và tiện lợi,,,,,,,,,,,,,
ỨNG DỤNG XANH ECO HỒN VIỆT TÁI CHẾ - DI SẢN BỀN VỮNG,,,,,,,,,,,,,,
EcoMode,,,,,,,,,,,,,,
Sản xuất viên nén than từ than bã điều,Sản xuất viên nén than từ than bã điều,,,,,,,,,,,,,
Đồ chống sốc hàng hóa bằng lục bình,Đồ chống sốc hàng hóa bằng lục bình,,,,,,,,,,,,,
ECOMAR,,,,,,,,,,,,,,
Khẩu trang kháng khuẩn làm từ chitosan - bã cà phê có khả năng phân huỷ sinh học,Khẩu trang kháng khuẩn làm từ chitosan - bã cà phê có khả năng phân huỷ sinh học,,,,,,,,,,,,,
GREENHOME,,,,,,,,,,,,,,
Dịch vụ tư vấn tiếp thị nội thất bền vững và tư vấn xây dựng không gian nội thất xanh dựa trên nhu cầu của khách hàng,Dịch vụ tư vấn tiếp thị nội thất bền vững và tư vấn xây dựng không gian nội thất xanh dựa trên nhu cầu của khách hàng,,,,,,,,,,,,,
Eco5tep,,,,,,,,,,,,,,
Plant AI ,Ứng dụng AI cho phép nhận diện bệnh của cây trồng thông qua lá cây,,,,,,,,,,,,,
FreshGuard,Túi bảo quản trái cây,,,,,,,,,,,,,
In-vitro Garden,,,,,,,,,,,,,,
Slumber Amidst Art,Đưa truyền thông đến truyền thống,,,,,,,,,,,,,
Safe Track Edu ,Quản lý đảm bảo an toàn cho học sinh dựa trên nhận diện khuôn mặt kết hợp định vị theo thời gian thực,,,,,,,,,,,,,
Thùng rác tạo năng lượng điện,Thùng rác tạo năng lượng điện,,,,,,,,,,,,,
Gatace,Gạch ốp tường trang trí nội thất bằng nhựa tái chế,,,,,,,,,,,,,
"“Nhiếp ảnh văn hóa kể chuyện” –   Lưu trữ, bảo tồn và tuyên truyền văn hóa đất nước","“Nhiếp ảnh văn hóa kể chuyện” –   Lưu trữ, bảo tồn và tuyên truyền văn hóa đất nước",,,,,,,,,,,,,
Kho lưu trử quốc tế,,,,,,,,,,,,,,
Moodly ,Nền tảng hỗ trợ theo dõi sức khỏe tâm lý cá nhân ứng dụng AI,,,,,,,,,,,,,
Golden Berry,,,,,,,,,,,,,,
EcoArt - Nghệ thuật xanh,,,,,,,,,,,,,,
ReSkin, Sản phẩm băng cá nhân tự phân hủy từ lá sen,,,,,,,,,,,,,
Ý tưởng khởi nghiệp kinh doanh máy bán tự động thức uống lành mạnh thương hiệu TOMATO,Ý tưởng khởi nghiệp kinh doanh máy bán tự động thức uống lành mạnh thương hiệu TOMATO,,,,,,,,,,,,,
Papera ,Bìa sách từ giấy tái sinh,,,,,,,,,,,,,
MUOI ,KEM CHỐNG CÔN TRÙNG THIÊN NHIÊN CHO CƠ THỂ,,,,,,,,,,,,,
Clearsky,"Ứng dụng AI thông minh thông báo và cảnh báo các vấn đề về không khí ( mức độ ô nhiễm, thời tiết, nhiệt độ,...) và các biện pháp bảo vệ sức khỏe trước các vấn đề của không khí",,,,,,,,,,,,,
3T - Túi Thân Thiện,,,,,,,,,,,,,,
ỨNG DỤNG CHUYÊN CUNG CẤP TÌM KIẾM DỊCH VỤ SỬA CHỮA XE LƯU ĐỘNG,ỨNG DỤNG CHUYÊN CUNG CẤP TÌM KIẾM DỊCH VỤ SỬA CHỮA XE LƯU ĐỘNG,,,,,,,,,,,,,
"Lăn khử mùi với chiết xuất từ trà thuần chay dành cho trẻ vị thành niên, những làn da dễ mẫn cảm - RULOW","Lăn khử mùi với chiết xuất từ trà thuần chay dành cho trẻ vị thành niên, những làn da dễ mẫn cảm - RULOW",,,,,,,,,,,,,
Hộp đựng thực phẩm từ thân chuối,Hộp đựng thực phẩm từ thân chuối,,,,,,,,,,,,,
SELF,Ứng dụng giáo dục dành cho trẻ tự kỷ,,,,,,,,,,,,,
Túi Nấm Sinh Học,Giải pháp xanh cho tương lai bền vững,,,,,,,,,,,,,
‘Bio-candle’ – Nến thơm sinh học,,,,,,,,,,,,,,
Summawise,Ứng dụng AI tóm tắt văn bản và tạo câu hỏi trắc nghiệm từ file do người học đưa vào giúp ôn luyện chính xác và nhanh chóng hơn,,,,,,,,,,,,,
TalkToDoc,"Ứng dụng tư vấn y tế trực tuyến và hổ trợ trả lời vấn đáp của bệnh nhân trong vật lý trị liệu, dinh dưỡng và sức khoẻ vận dụng AI tiện lợi, nhanh chóng hơn",,,,,,,,,,,,,
Xây dựng APP tuyển dụng thông minh (S-Recruit),,,,,,,,,,,,,,
THONG DONG COFFEE & TEA,mô hình dịch vụ quán cà phê & trà có nhân viên là người khiếm thính,,,,,,,,,,,,,
LƯỠI HỔ ,GIÁP XANH SINH HỌC – BẢO VỆ CÂY TRỒNG,,,,,,,,,,,,,
Balo cứu nạn lũ lụt,,,,,,,,,,,,,,
Nghiên cứu và xây dựng ứng dụng giúp phân loại và trao đổi đồ tái chế cho cộng đồng sinh viên trường Đại học Văn Lang,Nghiên cứu và xây dựng ứng dụng giúp phân loại và trao đổi đồ tái chế cho cộng đồng sinh viên trường Đại học Văn Lang,,,,,,,,,,,,,
Xây dựng hệ sinh thái đa dạng và chuyên nghiệp cho gia đình và trẻ em,Xây dựng hệ sinh thái đa dạng và chuyên nghiệp cho gia đình và trẻ em,,,,,,,,,,,,,
Trà Túi Lọc Hỗ Trợ Sức Khỏe Từ Phụ Phẩm Măng Tây,Trà Túi Lọc Hỗ Trợ Sức Khỏe Từ Phụ Phẩm Măng Tây,,,,,,,,,,,,,
